gender,eugroup,asin,link,mediumimage,price,productname,small,count,gilded1,product,subreddit,sum_score,asinNumber
F,0,006097625x,http://www.amazon.com/Understanding-Comics-The-Invisible-Art/dp/006097625X%3FSubscriptionId%3DAKIAILOJ2MMXGMT5EG6A%26tag%3Dmotivblog07-20%26linkCode%3Dxm2%26camp%3D2025%26creative%3D165953%26creativeASIN%3D006097625X,http://ecx.images-amazon.com/images/I/61KgveZjO7L._SL160_.jpg,895,Understanding Comics: The Invisible Art,http://ecx.images-amazon.com/images/I/61KgveZjO7L._SL75_.jpg,4,0,006097625x,comicbooks,10,2
M,0,006097771x,http://www.amazon.com/Blind-Mans-Bluff-Submarine-Espionage/dp/006097771X%3FSubscriptionId%3DAKIAILOJ2MMXGMT5EG6A%26tag%3Dmotivblog07-20%26linkCode%3Dxm2%26camp%3D2025%26creative%3D165953%26creativeASIN%3D006097771X,http://ecx.images-amazon.com/images/I/51oYzfqtfOL._SL160_.jpg,469,Blind Man's Bluff: The Untold Story of American Submarine Espionage,http://ecx.images-amazon.com/images/I/51oYzfqtfOL._SL75_.jpg,4,0,006097771x,WarshipPorn,71,3
M,0,006196395x,http://www.amazon.com/Mindful-Birthing-Training-Childbirth-Beyond/dp/006196395X%3FSubscriptionId%3DAKIAILOJ2MMXGMT5EG6A%26tag%3Dmotivblog07-20%26linkCode%3Dxm2%26camp%3D2025%26creative%3D165953%26creativeASIN%3D006196395X,http://ecx.images-amazon.com/images/I/41R0SOYKPRL._SL160_.jpg,1099,"Mindful Birthing: Training the Mind, Body, and Heart for Childbirth and Beyond",http://ecx.images-amazon.com/images/I/41R0SOYKPRL._SL75_.jpg,6,0,006196395x,BabyBumps,14,6
M,0,007179512x,http://www.amazon.com/CompTIA-Certification-Edition-220-801-220-802/dp/007179512X%3FSubscriptionId%3DAKIAILOJ2MMXGMT5EG6A%26tag%3Dmotivblog07-20%26linkCode%3Dxm2%26camp%3D2025%26creative%3D165953%26creativeASIN%3D007179512X,http://ecx.images-amazon.com/images/I/51GO%2BsxPFrL._SL160_.jpg,3153,"CompTIA A+ Certification All-in-One Exam Guide, 8th Edition (Exams 220-801 & 220-802)",http://ecx.images-amazon.com/images/I/51GO%2BsxPFrL._SL75_.jpg,5,0,007179512x,CompTIA,10,12
M,0,012383872x,http://www.amazon.com/Computer-Architecture-Fifth-Edition-Quantitative/dp/012383872X%3FSubscriptionId%3DAKIAILOJ2MMXGMT5EG6A%26tag%3Dmotivblog07-20%26linkCode%3Dxm2%26camp%3D2025%26creative%3D165953%26creativeASIN%3D012383872X,http://ecx.images-amazon.com/images/I/51u3S-FJ2QL._SL160_.jpg,3955,"Computer Architecture, Fifth Edition: A Quantitative Approach (The Morgan Kaufmann Series in Computer Architecture and Design)",http://ecx.images-amazon.com/images/I/51u3S-FJ2QL._SL75_.jpg,4,0,012383872x,hardware,22,14
M,0,015101423x,http://www.amazon.com/Stuff-Compulsive-Hoarding-Meaning-Things/dp/015101423X%3FSubscriptionId%3DAKIAILOJ2MMXGMT5EG6A%26tag%3Dmotivblog07-20%26linkCode%3Dxm2%26camp%3D2025%26creative%3D165953%26creativeASIN%3D015101423X,http://ecx.images-amazon.com/images/I/51FKIZyH3qL._SL160_.jpg,1200,Stuff: Compulsive Hoarding and the Meaning of Things,http://ecx.images-amazon.com/images/I/51FKIZyH3qL._SL75_.jpg,6,0,015101423x,hoarding,20,23
M,0,019512474x,http://www.amazon.com/Jesus-Apocalyptic-Prophet-New-Millennium/dp/019512474X%3FSubscriptionId%3DAKIAILOJ2MMXGMT5EG6A%26tag%3Dmotivblog07-20%26linkCode%3Dxm2%26camp%3D2025%26creative%3D165953%26creativeASIN%3D019512474X,http://ecx.images-amazon.com/images/I/61hN%2BMLT9kL._SL160_.jpg,1123,Jesus: Apocalyptic Prophet of the New Millennium,http://ecx.images-amazon.com/images/I/61hN%2BMLT9kL._SL75_.jpg,6,0,019512474x,AskHistorians,208,25
F,0,019537410x,http://www.amazon.com/There-Anything-Good-About-Men/dp/019537410X%3FSubscriptionId%3DAKIAILOJ2MMXGMT5EG6A%26tag%3Dmotivblog07-20%26linkCode%3Dxm2%26camp%3D2025%26creative%3D165953%26creativeASIN%3D019537410X,http://ecx.images-amazon.com/images/I/51uJWnfYPhL._SL160_.jpg,1654,Is There Anything Good About Men?: How Cultures Flourish by Exploiting Men,http://ecx.images-amazon.com/images/I/51uJWnfYPhL._SL75_.jpg,5,0,019537410x,MensRights,13,26
M,0,020161622x,http://www.amazon.com/The-Pragmatic-Programmer-Journeyman-Master/dp/020161622X%3FSubscriptionId%3DAKIAILOJ2MMXGMT5EG6A%26tag%3Dmotivblog07-20%26linkCode%3Dxm2%26camp%3D2025%26creative%3D165953%26creativeASIN%3D020161622X,http://ecx.images-amazon.com/images/I/41BKx1AxQWL._SL160_.jpg,2629,The Pragmatic Programmer: From Journeyman to Master,http://ecx.images-amazon.com/images/I/41BKx1AxQWL._SL75_.jpg,4,0,020161622x,gamedev,5,28
F,0,020161622x,http://www.amazon.com/The-Pragmatic-Programmer-Journeyman-Master/dp/020161622X%3FSubscriptionId%3DAKIAILOJ2MMXGMT5EG6A%26tag%3Dmotivblog07-20%26linkCode%3Dxm2%26camp%3D2025%26creative%3D165953%26creativeASIN%3D020161622X,http://ecx.images-amazon.com/images/I/41BKx1AxQWL._SL160_.jpg,2629,The Pragmatic Programmer: From Journeyman to Master,http://ecx.images-amazon.com/images/I/41BKx1AxQWL._SL75_.jpg,8,0,020161622x,learnprogramming,30,28
F,0,020170353x,http://www.amazon.com/Accelerated-C-Practical-Programming-Example/dp/020170353X%3FSubscriptionId%3DAKIAILOJ2MMXGMT5EG6A%26tag%3Dmotivblog07-20%26linkCode%3Dxm2%26camp%3D2025%26creative%3D165953%26creativeASIN%3D020170353X,http://ecx.images-amazon.com/images/I/51UQ1QUaRdL._SL160_.jpg,2634,Accelerated C++: Practical Programming by Example,http://ecx.images-amazon.com/images/I/51UQ1QUaRdL._SL75_.jpg,14,0,020170353x,learnprogramming,164,29
M,0,026201713x,http://www.amazon.com/Characteristics-Games-George-Skaff-Elias/dp/026201713X%3FSubscriptionId%3DAKIAILOJ2MMXGMT5EG6A%26tag%3Dmotivblog07-20%26linkCode%3Dxm2%26camp%3D2025%26creative%3D165953%26creativeASIN%3D026201713X,http://ecx.images-amazon.com/images/I/51GYCG2OIcL._SL160_.jpg,2110,Characteristics of Games,http://ecx.images-amazon.com/images/I/51GYCG2OIcL._SL75_.jpg,4,0,026201713x,boardgames,16,32
M,0,030727862x,http://www.amazon.com/The-Baseball-Codes-Beanballs-Bench-Clearing/dp/030727862X%3FSubscriptionId%3DAKIAILOJ2MMXGMT5EG6A%26tag%3Dmotivblog07-20%26linkCode%3Dxm2%26camp%3D2025%26creative%3D165953%26creativeASIN%3D030727862X,http://ecx.images-amazon.com/images/I/51BOb3%2B3hNL._SL160_.jpg,763,"The Baseball Codes: Beanballs, Sign Stealing, and Bench-Clearing Brawls: The Unwritten Rules of America's Pastime",http://ecx.images-amazon.com/images/I/51BOb3%2B3hNL._SL75_.jpg,5,0,030727862x,baseball,21,33
F,0,031612091x,http://www.amazon.com/Eat-Live-Amazing-Nutrient-Rich-Sustained/dp/031612091X%3FSubscriptionId%3DAKIAILOJ2MMXGMT5EG6A%26tag%3Dmotivblog07-20%26linkCode%3Dxm2%26camp%3D2025%26creative%3D165953%26creativeASIN%3D031612091X,http://ecx.images-amazon.com/images/I/51SJyJhDivL._SL160_.jpg,589,"Eat to Live: The Amazing Nutrient-Rich Program for Fast and Sustained Weight Loss, Revised Edition",http://ecx.images-amazon.com/images/I/51SJyJhDivL._SL75_.jpg,5,0,031612091x,vegan,12,37
F,0,032157351x,http://www.amazon.com/Algorithms-4th-Edition-Robert-Sedgewick/dp/032157351X%3FSubscriptionId%3DAKIAILOJ2MMXGMT5EG6A%26tag%3Dmotivblog07-20%26linkCode%3Dxm2%26camp%3D2025%26creative%3D165953%26creativeASIN%3D032157351X,http://ecx.images-amazon.com/images/I/51UDgHU9z9L._SL160_.jpg,5797,Algorithms (4th Edition),http://ecx.images-amazon.com/images/I/51UDgHU9z9L._SL75_.jpg,9,0,032157351x,learnprogramming,11,41
n/a,0,032194318x,http://www.amazon.com/The-Practice-Cloud-System-Administration/dp/032194318X%3FSubscriptionId%3DAKIAILOJ2MMXGMT5EG6A%26tag%3Dmotivblog07-20%26linkCode%3Dxm2%26camp%3D2025%26creative%3D165953%26creativeASIN%3D032194318X,http://ecx.images-amazon.com/images/I/51peOFe38XL._SL160_.jpg,3355,"The Practice of Cloud System Administration: Designing and Operating Large Distributed Systems, Volume 2",http://ecx.images-amazon.com/images/I/51peOFe38XL._SL75_.jpg,5,0,032194318x,sysadmin,13,42
M,0,034537410x,http://www.amazon.com/Exploring-World-Dreaming-Stephen-LaBerge/dp/034537410X%3FSubscriptionId%3DAKIAILOJ2MMXGMT5EG6A%26tag%3Dmotivblog07-20%26linkCode%3Dxm2%26camp%3D2025%26creative%3D165953%26creativeASIN%3D034537410X,http://ecx.images-amazon.com/images/I/510aKu0sPTL._SL160_.jpg,352,Exploring the World of Lucid Dreaming,http://ecx.images-amazon.com/images/I/510aKu0sPTL._SL75_.jpg,12,0,034537410x,LucidDreaming,34,43
F,0,034544678x,http://www.amazon.com/The-Other-End-Leash-Around/dp/034544678X%3FSubscriptionId%3DAKIAILOJ2MMXGMT5EG6A%26tag%3Dmotivblog07-20%26linkCode%3Dxm2%26camp%3D2025%26creative%3D165953%26creativeASIN%3D034544678X,http://ecx.images-amazon.com/images/I/51omZ7rpruL._SL160_.jpg,448,The Other End of the Leash: Why We Do What We Do Around Dogs,http://ecx.images-amazon.com/images/I/51omZ7rpruL._SL75_.jpg,4,0,034544678x,dogs,15,44
M,0,034551162x,http://www.amazon.com/Aftermath-Star-Journey-Force-Awakens/dp/034551162X%3FSubscriptionId%3DAKIAILOJ2MMXGMT5EG6A%26tag%3Dmotivblog07-20%26linkCode%3Dxm2%26camp%3D2025%26creative%3D165953%26creativeASIN%3D034551162X,http://ecx.images-amazon.com/images/I/51EAv3L9PGL._SL160_.jpg,1254,Aftermath: Star Wars: Journey to Star Wars: The Force Awakens,http://ecx.images-amazon.com/images/I/51EAv3L9PGL._SL75_.jpg,14,0,034551162x,StarWars,33,45
M,1,039916524x,http://www.amazon.com/Mind-Numbers-Science-Flunked-Algebra/dp/039916524X%3FSubscriptionId%3DAKIAILOJ2MMXGMT5EG6A%26tag%3Dmotivblog07-20%26linkCode%3Dxm2%26camp%3D2025%26creative%3D165953%26creativeASIN%3D039916524X,http://ecx.images-amazon.com/images/I/51i6Goh83yL._SL160_.jpg,842,A Mind for Numbers: How to Excel at Math and Science (Even If You Flunked Algebra),http://ecx.images-amazon.com/images/I/51i6Goh83yL._SL75_.jpg,4,1,039916524x,LifeProTips,166,50
M,0,052171916x,http://www.amazon.com/Conceptual-Mathematics-First-Introduction-Categories/dp/052171916X%3FSubscriptionId%3DAKIAILOJ2MMXGMT5EG6A%26tag%3Dmotivblog07-20%26linkCode%3Dxm2%26camp%3D2025%26creative%3D165953%26creativeASIN%3D052171916X,http://ecx.images-amazon.com/images/I/41bGNcpncPL._SL160_.jpg,4855,Conceptual Mathematics: A First Introduction to Categories,http://ecx.images-amazon.com/images/I/41bGNcpncPL._SL75_.jpg,5,0,052171916x,math,8,59
M,0,055358894x,http://www.amazon.com/Lies-Locke-Lamora-Gentleman-Bastards/dp/055358894X%3FSubscriptionId%3DAKIAILOJ2MMXGMT5EG6A%26tag%3Dmotivblog07-20%26linkCode%3Dxm2%26camp%3D2025%26creative%3D165953%26creativeASIN%3D055358894X,http://ecx.images-amazon.com/images/I/51tpIK8K%2BtL._SL160_.jpg,226,The Lies of Locke Lamora (Gentleman Bastards),http://ecx.images-amazon.com/images/I/51tpIK8K%2BtL._SL75_.jpg,4,0,055358894x,suggestmeabook,8,62
M,0,061585382x,http://www.amazon.com/The-Masons-Words-Evolution-American/dp/061585382X%3FSubscriptionId%3DAKIAILOJ2MMXGMT5EG6A%26tag%3Dmotivblog07-20%26linkCode%3Dxm2%26camp%3D2025%26creative%3D165953%26creativeASIN%3D061585382X,http://ecx.images-amazon.com/images/I/51E352oMXQL._SL160_.jpg,1595,The Mason's Words: The History and Evolution of the American Masonic Ritual,http://ecx.images-amazon.com/images/I/51E352oMXQL._SL75_.jpg,5,0,061585382x,freemasonry,15,64
M,0,063404771x,http://www.amazon.com/Leonard-Pocket-Music-Theory-Comprehensive/dp/063404771X%3FSubscriptionId%3DAKIAILOJ2MMXGMT5EG6A%26tag%3Dmotivblog07-20%26linkCode%3Dxm2%26camp%3D2025%26creative%3D165953%26creativeASIN%3D063404771X,http://ecx.images-amazon.com/images/I/51auqFIKTwL._SL160_.jpg,357,Hal Leonard Pocket Music Theory: A Comprehensive and Convenient Source for All Musicians,http://ecx.images-amazon.com/images/I/51auqFIKTwL._SL75_.jpg,10,0,063404771x,musictheory,23,65
,,069111966x,http://www.amazon.com/How-Solve-It-Mathematical-Princeton/dp/069111966X%3FSubscriptionId%3DAKIAILOJ2MMXGMT5EG6A%26tag%3Dmotivblog07-20%26linkCode%3Dxm2%26camp%3D2025%26creative%3D165953%26creativeASIN%3D069111966X,http://ecx.images-amazon.com/images/I/41L1hGz69ZL._SL160_.jpg,1098,How to Solve It: A New Aspect of Mathematical Method (Princeton Science Library),http://ecx.images-amazon.com/images/I/41L1hGz69ZL._SL75_.jpg,4,0,069111966x,learnmath,7,67
,,069111966x,http://www.amazon.com/How-Solve-It-Mathematical-Princeton/dp/069111966X%3FSubscriptionId%3DAKIAILOJ2MMXGMT5EG6A%26tag%3Dmotivblog07-20%26linkCode%3Dxm2%26camp%3D2025%26creative%3D165953%26creativeASIN%3D069111966X,http://ecx.images-amazon.com/images/I/41L1hGz69ZL._SL160_.jpg,1098,How to Solve It: A New Aspect of Mathematical Method (Princeton Science Library),http://ecx.images-amazon.com/images/I/41L1hGz69ZL._SL75_.jpg,4,0,069111966x,learnprogramming,7,67
,,069114589x,http://www.amazon.com/Democracy-Incorporated-Managed-Inverted-Totalitarianism/dp/069114589X%3FSubscriptionId%3DAKIAILOJ2MMXGMT5EG6A%26tag%3Dmotivblog07-20%26linkCode%3Dxm2%26camp%3D2025%26creative%3D165953%26creativeASIN%3D069114589X,http://ecx.images-amazon.com/images/I/51uPAiyk6OL._SL160_.jpg,1236,Democracy Incorporated: Managed Democracy and the Specter of Inverted Totalitarianism,http://ecx.images-amazon.com/images/I/51uPAiyk6OL._SL75_.jpg,36,1,069114589x,canada,74,68
,,069114589x,http://www.amazon.com/Democracy-Incorporated-Managed-Inverted-Totalitarianism/dp/069114589X%3FSubscriptionId%3DAKIAILOJ2MMXGMT5EG6A%26tag%3Dmotivblog07-20%26linkCode%3Dxm2%26camp%3D2025%26creative%3D165953%26creativeASIN%3D069114589X,http://ecx.images-amazon.com/images/I/51uPAiyk6OL._SL160_.jpg,1236,Democracy Incorporated: Managed Democracy and the Specter of Inverted Totalitarianism,http://ecx.images-amazon.com/images/I/51uPAiyk6OL._SL75_.jpg,4,0,069114589x,CanadaPolitics,8,68
,,069114589x,http://www.amazon.com/Democracy-Incorporated-Managed-Inverted-Totalitarianism/dp/069114589X%3FSubscriptionId%3DAKIAILOJ2MMXGMT5EG6A%26tag%3Dmotivblog07-20%26linkCode%3Dxm2%26camp%3D2025%26creative%3D165953%26creativeASIN%3D069114589X,http://ecx.images-amazon.com/images/I/51uPAiyk6OL._SL160_.jpg,1236,Democracy Incorporated: Managed Democracy and the Specter of Inverted Totalitarianism,http://ecx.images-amazon.com/images/I/51uPAiyk6OL._SL75_.jpg,5,0,069114589x,politics,9,68
,,069114589x,http://www.amazon.com/Democracy-Incorporated-Managed-Inverted-Totalitarianism/dp/069114589X%3FSubscriptionId%3DAKIAILOJ2MMXGMT5EG6A%26tag%3Dmotivblog07-20%26linkCode%3Dxm2%26camp%3D2025%26creative%3D165953%26creativeASIN%3D069114589X,http://ecx.images-amazon.com/images/I/51uPAiyk6OL._SL160_.jpg,1236,Democracy Incorporated: Managed Democracy and the Specter of Inverted Totalitarianism,http://ecx.images-amazon.com/images/I/51uPAiyk6OL._SL75_.jpg,4,0,069114589x,socialism,4,68
,,069114589x,http://www.amazon.com/Democracy-Incorporated-Managed-Inverted-Totalitarianism/dp/069114589X%3FSubscriptionId%3DAKIAILOJ2MMXGMT5EG6A%26tag%3Dmotivblog07-20%26linkCode%3Dxm2%26camp%3D2025%26creative%3D165953%26creativeASIN%3D069114589X,http://ecx.images-amazon.com/images/I/51uPAiyk6OL._SL160_.jpg,1236,Democracy Incorporated: Managed Democracy and the Specter of Inverted Totalitarianism,http://ecx.images-amazon.com/images/I/51uPAiyk6OL._SL75_.jpg,20,0,069114589x,worldnews,324,68
,,076115678x,http://www.amazon.com/Curly-Girl-Handbook-Michele-Bender/dp/076115678X%3FSubscriptionId%3DAKIAILOJ2MMXGMT5EG6A%26tag%3Dmotivblog07-20%26linkCode%3Dxm2%26camp%3D2025%26creative%3D165953%26creativeASIN%3D076115678X,http://ecx.images-amazon.com/images/I/51GRZvUlT4L._SL160_.jpg,777,Curly Girl: The Handbook,http://ecx.images-amazon.com/images/I/51GRZvUlT4L._SL75_.jpg,8,0,076115678x,curlyhair,27,72
,,076533206x,http://www.amazon.com/Dangerous-Women-George-R-Martin/dp/076533206X%3FSubscriptionId%3DAKIAILOJ2MMXGMT5EG6A%26tag%3Dmotivblog07-20%26linkCode%3Dxm2%26camp%3D2025%26creative%3D165953%26creativeASIN%3D076533206X,http://ecx.images-amazon.com/images/I/512qDfI-RJL._SL160_.jpg,1156,Dangerous Women,http://ecx.images-amazon.com/images/I/512qDfI-RJL._SL75_.jpg,4,3,076533206x,asoiaf,1421,75
,,076790818x,http://www.amazon.com/A-Short-History-Nearly-Everything/dp/076790818X%3FSubscriptionId%3DAKIAILOJ2MMXGMT5EG6A%26tag%3Dmotivblog07-20%26linkCode%3Dxm2%26camp%3D2025%26creative%3D165953%26creativeASIN%3D076790818X,http://ecx.images-amazon.com/images/I/41Z3XNXTcHL._SL160_.jpg,795,A Short History of Nearly Everything,http://ecx.images-amazon.com/images/I/41Z3XNXTcHL._SL75_.jpg,6,0,076790818x,todayilearned,75,78
,,078512179x,http://www.amazon.com/Civil-War-Mark-Millar/dp/078512179X%3FSubscriptionId%3DAKIAILOJ2MMXGMT5EG6A%26tag%3Dmotivblog07-20%26linkCode%3Dxm2%26camp%3D2025%26creative%3D165953%26creativeASIN%3D078512179X,http://ecx.images-amazon.com/images/I/51ATs-DRbeL._SL160_.jpg,1408,Civil War,http://ecx.images-amazon.com/images/I/51ATs-DRbeL._SL75_.jpg,7,0,078512179x,Marvel,11,79
,,078514286x,http://www.amazon.com/Marvels-Kurt-Busiek/dp/078514286X%3FSubscriptionId%3DAKIAILOJ2MMXGMT5EG6A%26tag%3Dmotivblog07-20%26linkCode%3Dxm2%26camp%3D2025%26creative%3D165953%26creativeASIN%3D078514286X,http://ecx.images-amazon.com/images/I/41CMcJynjdL._SL160_.jpg,1748,Marvels,http://ecx.images-amazon.com/images/I/41CMcJynjdL._SL75_.jpg,4,0,078514286x,Marvel,5,80
